Activity Period,Operating Airline,Passenger Count,GEO Summary
201806,Virgin Atlantic,34531,International
201601,Cathay Pacific,42259,International
201705,Turkish Airlines,18116,International
201705,TACA,10657,International
201606,Air Canada,96286,International
201705,EVA Airways,37762,International
201801,Horizon Air,11590,Domestic
201807,Air Canada,112260,International
201810,Swiss International,18698,International
201610,Frontier Airlines,73630,Domestic
201706,Lufthansa German Airlines,43273,International
201803,ABC Aerolineas S.A. de C.V. dba Interjet,2302,International
201708,Thomas Cook Airlines,4823,International
201712,American Airlines,324446,Domestic
201701,Sun Country Airlines,6242,Domestic
201709,Alaska Airlines,18816,International
201808,Swiss International,19711,International
201710,Air Berlin,5145,International
201611,JetBlue Airways,128106,Domestic
201701,American Airlines,272881,Domestic
201805,Air Pacific Limited dba Fiji Airways,3757,International
201712,Sun Country Airlines,18041,Domestic
201812,Cathay Pacific,46699,International
201607,China Airlines,20568,International
201812,Jazz Aviation,14740,International
201607,Emirates,27890,International
201604,China Eastern,10731,International
201602,Hawaiian Airlines,25104,Domestic
201602,Philippine Airlines,19292,International
201512,Air Canada,57466,International
201706,Virgin America,451294,Domestic
201601,Air France,17853,International
201610,Volaris Airlines,4009,International
201803,"COPA Airlines, Inc.",19414,International
201701,Southwest Airlines,250963,Domestic
201701,Compass Airlines,46276,Domestic
201712,Southwest Airlines,319601,Domestic
201812,Air France,14767,International
201706,Singapore Airlines,28546,International
201708,Virgin Atlantic,30160,International
201901,China Airlines,20389,International
201712,Compass Airlines,63396,Domestic
201702,Swiss International,10106,International
201806,Thomas Cook Airlines,6646,International
201811,Finnair,3163,International
201612,JetBlue Airways,123248,Domestic
201705,United Airlines,1457894,Domestic
201709,WOW Air,16658,International
201901,Emirates,27365,International
201801,Virgin America,406752,Domestic
201707,Lufthansa German Airlines,46013,International
201708,Compass Airlines,55136,Domestic
201710,WOW Air,9789,International
201602,Air India Limited,5337,International
201604,All Nippon Airways,13228,International
201712,Virgin Atlantic,21112,International
201901,TACA,15324,International
201605,JetBlue Airways,132718,Domestic
201708,Southwest Airlines,340940,Domestic
201901,Turkish Airlines,19266,International
201809,Volaris Airlines,4261,International
201802,Swiss International,12810,International
201703,Virgin America,392972,Domestic
201901,EVA Airways,58262,International
201806,American Airlines,360139,Domestic
201806,Sun Country Airlines,16284,Domestic
201803,Korean Air Lines,25045,International
201803,SkyWest Airlines,339898,Domestic
201604,China Southern,11963,International
201604,Delta Air Lines,306699,Domestic
201801,Singapore Airlines,26890,International
201604,Japan Airlines,11588,International
201604,Alaska Airlines,109774,Domestic
201607,United Airlines,1556583,Domestic
201703,Singapore Airlines,26111,International
201701,Virgin Atlantic,19979,International
201603,Virgin America,8882,International
201708,Sun Country Airlines,20972,Domestic
201805,KLM Royal Dutch Airlines,28448,International
201703,Lufthansa German Airlines,40349,International
201607,Turkish Airlines,15189,International
201809,Frontier Airlines,26178,Domestic
201607,TACA,11639,International
201604,Asiana Airlines,14331,International
201706,Horizon Air,4111,Domestic
201709,Air Berlin,19086,International
201603,Aeromexico,21589,International
201607,EVA Airways,34691,International
201801,Lufthansa German Airlines,41589,International
201707,Virgin America,468239,Domestic
201710,Alaska Airlines,21249,International
201805,SkyWest Airlines,13834,International
201806,Compass Airlines,45646,Domestic
201705,China Airlines,20891,International
201803,Air China,18731,International
201806,Iberia,6710,International
201806,Southwest Airlines,345778,Domestic
201704,Swiss International,14993,International
201705,Emirates,22077,International
201707,Singapore Airlines,30245,International
201901,United Airlines,1218683,Domestic
201603,SAS Airlines,11886,International
201609,Swiss International,20241,International
201708,American Airlines,347922,Domestic
201606,Aeromexico,24633,International
201610,United Airlines,1405915,Domestic
201712,Hawaiian Airlines,30532,Domestic
201709,WestJet Airlines,20390,International
201807,Aeromexico,28236,International
201812,Qantas Airways,21551,International
201803,Hong Kong Airlines Limited,2207,International
201812,Air New Zealand,15942,International
201602,Sun Country Airlines,5451,Domestic
201611,Lufthansa German Airlines,35900,International
201612,Virgin America,397949,Domestic
201512,Virgin America,9654,International
201606,SAS Airlines,14528,International
201602,American Airlines,311207,Domestic
201710,"COPA Airlines, Inc.",12433,International
201706,JetBlue Airways,136329,Domestic
201802,Sun Country Airlines,1519,International
201612,Singapore Airlines,28409,International
201806,Air India Limited,16841,International
201709,Korean Air Lines,24883,International
201709,SkyWest Airlines,304851,Domestic
201601,Air New Zealand,22967,International
201601,Qantas Airways,12841,International
201705,Volaris Airlines,11082,International
201804,Swiss International,18701,International
201608,Swiss International,23026,International
201701,Hawaiian Airlines,30223,Domestic
201711,Swiss International,14965,International
201807,SAS Airlines,14846,International
201701,Philippine Airlines,26681,International
201612,Lufthansa German Airlines,40137,International
201512,Aeromexico,24389,International
201611,Virgin America,405221,Domestic
201805,China Eastern,20858,International
201809,China Airlines,16732,International
201812,Aer Lingus,12854,International
201602,Southwest Airlines,246435,Domestic
201601,Etihad Airways,15896,International
201708,Air India Limited,10771,International
201602,Compass Airlines,42594,Domestic
201809,Emirates,24613,International
201610,EVA Airways,32304,International
201601,Aer Lingus,8390,International
201705,Frontier Airlines,61928,Domestic
201512,SAS Airlines,11170,International
201606,Virgin America,12108,International
201611,Singapore Airlines,26404,International
201712,Philippine Airlines,23706,International
201610,Turkish Airlines,16397,International
201610,TACA,10925,International
201709,Air China,18918,International
201601,United Airlines,257991,International
201610,Emirates,21742,International
201710,Air China,18979,International
201806,Hawaiian Airlines,31996,Domestic
201803,Alaska Airlines,10157,International
201701,Air India Limited,11150,International
201810,Finnair,4173,International
201610,China Airlines,18985,International
201806,French Bee,10721,International
201708,Philippine Airlines,21634,International
201604,SkyWest Airlines,16191,International
201808,Finnair,5924,International
201805,Asiana Airlines,14694,International
201809,TACA,11721,International
201607,Frontier Airlines,73410,Domestic
201809,Turkish Airlines,19367,International
201812,United Airlines,366411,International
201901,Volaris Airlines,3726,International
201605,Lufthansa German Airlines,44926,International
201604,KLM Royal Dutch Airlines,21788,International
201602,Virgin Atlantic,16035,International
201707,JetBlue Airways,138836,Domestic
201712,Air India Limited,12369,International
201809,EVA Airways,41335,International
201601,British Airways,38399,International
201605,Singapore Airlines,27227,International
201710,Korean Air Lines,25865,International
201805,Alaska Airlines,615359,Domestic
201710,SkyWest Airlines,312604,Domestic
201805,Delta Air Lines,372765,Domestic
201805,Japan Airlines,12735,International
201809,United Airlines,1497496,Domestic
201702,Sun Country Airlines,1875,International
201805,China Southern,16698,International
201603,Air Canada,57575,International
201709,"COPA Airlines, Inc.",12578,International
201708,Hawaiian Airlines,32721,Domestic
201801,JetBlue Airways,121998,Domestic
201812,British Airways,31613,International
201901,Frontier Airlines,23673,Domestic
201605,Virgin America,426370,Domestic
201710,WestJet Airlines,13258,International
201803,WOW Air,7001,International
201805,All Nippon Airways,12941,International
201811,Swiss International,17672,International
201607,Volaris Airlines,15951,International
201806,Philippine Airlines,27012,International
201703,JetBlue Airways,126757,Domestic
201610,Singapore Airlines,25772,International
201512,United Airlines,261339,International
201702,WOW Air,10499,International
201611,EVA Airways,33176,International
201606,British Airways,39997,International
201807,British Airways,42895,International
201808,Alaska Airlines,22806,International
201709,Swiss International,18939,International
201611,Turkish Airlines,13969,International
201603,Cathay Pacific,40059,International
201608,Korean Air Lines,20542,International
201711,Korean Air Lines,23168,International
201804,SkyWest Airlines,287483,Domestic
201810,Alaska Airlines,19049,International
201608,SkyWest Airlines,326194,Domestic
201611,TACA,10197,International
201711,SkyWest Airlines,298305,Domestic
201804,Korean Air Lines,25760,International
201806,KLM Royal Dutch Airlines,38239,International
201604,Hawaiian Airlines,32512,Domestic
201602,China Eastern,11518,International
201706,Volaris Airlines,11600,International
201610,Virgin America,405510,Domestic
201805,Iberia,5600,International
201805,Southwest Airlines,330833,Domestic
201609,Air Berlin,10494,International
201705,JetBlue Airways,136718,Domestic
201804,WestJet Airlines,1306,International
201805,Compass Airlines,60560,Domestic
201806,SkyWest Airlines,6274,International
201608,WestJet Airlines,16338,International
201612,United Airlines,1301730,Domestic
201811,"COPA Airlines, Inc.",16142,International
201803,Sun Country Airlines,771,International
201612,Turkish Airlines,16588,International
201512,British Airways,36013,International
201605,Emirates,25716,International
201701,Air Pacific Limited dba Fiji Airways,4292,International
201805,American Airlines,340763,Domestic
201612,TACA,12376,International
201606,United Airlines,366199,International
201804,Air China,17755,International
201603,Air France,20546,International
201605,China Airlines,20327,International
201608,Air China,28472,International
201612,EVA Airways,35501,International
201711,Air China,18570,International
201807,United Airlines,433648,International
201708,SkyWest Airlines,7173,International
201604,Philippine Airlines,20632,International
201809,Horizon Air,11338,Domestic
201702,Alaska Airlines,12663,International
201611,United Airlines,1297341,Domestic
201811,ABC Aerolineas S.A. de C.V. dba Interjet,4945,International
201610,Lufthansa German Airlines,44777,International
201706,Frontier Airlines,60272,Domestic
201712,Air Pacific Limited dba Fiji Airways,4692,International
201808,WOW Air,18850,International
201708,KLM Royal Dutch Airlines,29366,International
201805,Sun Country Airlines,17397,Domestic
201810,WOW Air,11150,International
201701,SkyWest Airlines,14509,International
201810,Hong Kong Airlines Limited,9555,International
201704,WOW Air,17081,International
201808,Hong Kong Airlines Limited,11224,International
201602,All Nippon Airways,12098,International
201604,Air India Limited,4952,International
201712,KLM Royal Dutch Airlines,16372,International
201708,Air Pacific Limited dba Fiji Airways,4755,International
201811,Air China,19389,International
201802,Alaska Airlines,9546,International
201606,Etihad Airways,13046,International
201609,WOW Air,12244,International
201601,Virgin America,8206,International
201703,Frontier Airlines,41211,Domestic
201605,EVA Airways,36255,International
201612,China Airlines,19851,International
201701,KLM Royal Dutch Airlines,15494,International
201805,Thomas Cook Airlines,4556,International
201602,Alaska Airlines,98649,Domestic
201606,Aer Lingus,15039,International
201809,Lufthansa German Airlines,43574,International
201804,ABC Aerolineas S.A. de C.V. dba Interjet,4083,International
201602,Delta Air Lines,236004,Domestic
201612,Emirates,25392,International
201712,SkyWest Airlines,11902,International
201602,Japan Airlines,11401,International
201605,TACA,10388,International
201807,Aer Lingus,16541,International
201605,Turkish Airlines,17869,International
201901,JetBlue Airways,112321,Domestic
201602,China Southern,11354,International
201801,Frontier Airlines,38903,Domestic
201512,Air New Zealand,23404,International
201806,XL Airways France,2047,International
201512,Qantas Airways,4439,International
201707,Volaris Airlines,11851,International
201601,Aeromexico,22843,International
201812,SAS Airlines,10897,International
201602,Asiana Airlines,14747,International
201605,United Airlines,1317449,Domestic
201806,Icelandair EHF,6308,International
201811,SkyWest Airlines,347221,Domestic
201512,Etihad Airways,15173,International
201811,Korean Air Lines,25372,International
201708,XL Airways France,7708,International
201805,Virgin Atlantic,26714,International
201809,Singapore Airlines,26130,International
201801,Volaris Airlines,8789,International
201704,Alaska Airlines,18258,International
201512,Aer Lingus,8590,International
201707,Frontier Airlines,58491,Domestic
201601,SAS Airlines,10421,International
201611,Emirates,23998,International
201807,Qantas Airways,16067,International
201812,Aeromexico,30558,International
201710,Swiss International,18114,International
201807,Air New Zealand,18581,International
201606,Air New Zealand,16123,International
201607,JetBlue Airways,129916,Domestic
201606,Qantas Airways,15784,International
201804,"COPA Airlines, Inc.",18392,International
201608,"COPA Airlines, Inc.",8845,International
201711,"COPA Airlines, Inc.",12962,International
201609,Alaska Airlines,11507,International
201703,Volaris Airlines,7405,International
201802,WOW Air,5042,International
201806,Air Pacific Limited dba Fiji Airways,5235,International
201611,China Airlines,19445,International
201702,Air China,20804,International
201705,Lufthansa German Airlines,42631,International
201706,EVA Airways,34899,International
201604,Sun Country Airlines,10092,Domestic
201806,Japan Airlines,13928,International
201806,Delta Air Lines,408862,Domestic
201806,China Southern,20594,International
201706,TACA,11563,International
201712,China Eastern,19421,International
201706,Turkish Airlines,18855,International
201708,Asiana Airlines,16247,International
201806,Alaska Airlines,601818,Domestic
201810,WestJet Airlines,12008,International
201808,WestJet Airlines,23822,International
201603,Qantas Airways,12465,International
201703,China Airlines,18065,International
201805,Philippine Airlines,27784,International
201701,China Eastern,18626,International
201704,"COPA Airlines, Inc.",11774,International
201603,Air New Zealand,17891,International
201611,Volaris Airlines,4854,International
201612,Frontier Airlines,47941,Domestic
201801,Emirates,27271,International
201806,All Nippon Airways,14393,International
201608,Alaska Airlines,12564,International
201711,Alaska Airlines,15254,International
201810,Korean Air Lines,26301,International
201804,Alaska Airlines,13750,International
201810,SkyWest Airlines,303307,Domestic
201703,Emirates,20634,International
201604,American Airlines,350529,Domestic
201801,China Airlines,23992,International
201808,Korean Air Lines,33104,International
201609,"COPA Airlines, Inc.",8557,International
201808,SkyWest Airlines,319563,Domestic
201901,Horizon Air,22250,Domestic
201805,French Bee,5031,International
201604,Compass Airlines,53291,Domestic
201610,JetBlue Airways,133113,Domestic
201603,Etihad Airways,12106,International
201708,All Nippon Airways,14891,International
201604,Southwest Airlines,283746,Domestic
201702,SkyWest Airlines,283515,Domestic
201702,Korean Air Lines,17004,International
201804,WOW Air,8632,International
201608,WOW Air,14507,International
201711,WOW Air,3826,International
201705,Virgin America,425303,Domestic
201802,"COPA Airlines, Inc.",14255,International
201805,Hawaiian Airlines,32256,Domestic
201707,China Airlines,24667,International
201811,Hong Kong Airlines Limited,9723,International
201708,China Southern,21155,International
201706,United Airlines,1623644,Domestic
201708,Japan Airlines,13232,International
201708,Delta Air Lines,397003,Domestic
201705,Singapore Airlines,27474,International
201707,Emirates,28244,International
201708,Alaska Airlines,129395,Domestic
201806,Asiana Airlines,17988,International
201808,Air China,19924,International
201603,Aer Lingus,11655,International
201611,Frontier Airlines,51797,Domestic
201612,Volaris Airlines,10530,International
201810,Air China,18739,International
201512,Cathay Pacific,41116,International
201704,Air China,17612,International
201707,Turkish Airlines,18881,International
201712,Japan Airlines,11123,International
201810,ABC Aerolineas S.A. de C.V. dba Interjet,5963,International
201602,SkyWest Airlines,15066,International
201712,Delta Air Lines,264698,Domestic
201606,Air France,42787,International
201712,China Southern,16678,International
201707,TACA,12497,International
201803,Swiss International,17578,International
201808,ABC Aerolineas S.A. de C.V. dba Interjet,5831,International
201901,Lufthansa German Airlines,38370,International
201707,EVA Airways,34437,International
201809,JetBlue Airways,123158,Domestic
201607,Virgin America,451409,Domestic
201701,All Nippon Airways,14192,International
201709,Finnair,5525,International
201609,Air China,24484,International
201807,Air France,45716,International
201806,China Eastern,20854,International
201811,WOW Air,370,International
201603,United Airlines,270872,International
201712,Alaska Airlines,124670,Domestic
201801,United Airlines,1249553,Domestic
201602,KLM Royal Dutch Airlines,11682,International
201702,"COPA Airlines, Inc.",12729,International
201604,Virgin Atlantic,22792,International
201712,All Nippon Airways,13446,International
201701,Alaska Airlines,119631,Domestic
201804,Hong Kong Airlines Limited,9586,International
201701,Japan Airlines,12160,International
201701,Delta Air Lines,205021,Domestic
201701,China Southern,12654,International
201802,SkyWest Airlines,323980,Domestic
201802,Korean Air Lines,24331,International
201703,United Airlines,1366658,Domestic
201607,Singapore Airlines,30513,International
201703,TACA,11159,International
201601,Air Canada,51773,International
201703,Turkish Airlines,14456,International
201606,Cathay Pacific,43772,International
201607,Lufthansa German Airlines,47119,International
201701,Asiana Airlines,16532,International
201704,SkyWest Airlines,296215,Domestic
201705,Horizon Air,1885,Domestic
201801,EVA Airways,46917,International
201512,Air France,17930,International
201704,Korean Air Lines,18520,International
201807,Jazz Aviation,17053,International
201606,Jazz Aviation,1790,International
201605,Frontier Airlines,61334,Domestic
201609,Korean Air Lines,18167,International
201807,Cathay Pacific,49666,International
201609,SkyWest Airlines,327575,Domestic
201703,EVA Airways,33508,International
201808,"COPA Airlines, Inc.",20107,International
201603,British Airways,37826,International
201801,TACA,13894,International
201810,"COPA Airlines, Inc.",15328,International
201801,Turkish Airlines,19283,International
201706,Emirates,24972,International
201704,WestJet Airlines,419,International
201805,Air India Limited,15494,International
201812,Air Canada,65676,International
201608,Air Berlin,10494,International
201706,China Airlines,22728,International
201609,WestJet Airlines,13848,International
201708,China Eastern,19832,International
201802,Air China,16876,International
201712,Asiana Airlines,16881,International
201811,Alaska Airlines,17888,International
201707,United Airlines,1756035,Domestic
201901,Singapore Airlines,30880,International
201610,KLM Royal Dutch Airlines,23364,International
201710,Aer Lingus,14521,International
201707,Southwest Airlines,351285,Domestic
201703,Sun Country Airlines,5906,Domestic
201706,Thomas Cook Airlines,5005,International
201512,Swiss International,11180,International
201708,Lufthansa German Airlines,45063,International
201803,Cathay Pacific,45709,International
201809,Icelandair EHF,6763,International
201707,Compass Airlines,54990,Domestic
201801,Sun Country Airlines,8398,Domestic
201608,Virgin America,10204,International
201711,Virgin America,12846,International
201803,Jazz Aviation,7647,International
201804,Virgin America,15027,International
201705,Asiana Airlines,14956,International
201612,Air India Limited,11526,International
201709,United Airlines,330497,International
201806,Singapore Airlines,28399,International
201605,Philippine Airlines,23392,International
201702,Air Canada,55769,International
201610,SkyWest Airlines,11036,International
201712,Horizon Air,11499,Domestic
201604,China Airlines,19034,International
201801,American Airlines,290337,Domestic
201603,Sun Country Airlines,557,International
201710,Etihad Airways,5078,International
201812,ABC Aerolineas S.A. de C.V. dba Interjet,12627,International
201703,American Airlines,311600,Domestic
201607,China Eastern,14047,International
201604,Emirates,24533,International
201809,Air Pacific Limited dba Fiji Airways,3875,International
201601,"COPA Airlines, Inc.",7897,International
201606,Swiss International,12547,International
201705,All Nippon Airways,13813,International
201703,Southwest Airlines,296138,Domestic
201803,Air France,20654,International
201611,Air India Limited,7048,International
201703,Compass Airlines,50971,Domestic
201707,Sun Country Airlines,23731,Domestic
201801,Compass Airlines,56577,Domestic
201808,Air Canada,113600,International
201708,Virgin America,470775,Domestic
201709,British Airways,41707,International
201801,Southwest Airlines,287166,Domestic
201710,Qantas Airways,15628,International
201804,SAS Airlines,12611,International
201605,Hawaiian Airlines,33600,Domestic
201608,SAS Airlines,15010,International
201710,Air New Zealand,16586,International
201711,SAS Airlines,11479,International
201807,Swiss International,19890,International
201810,Air Canada,83128,International
201705,China Southern,16379,International
201705,Delta Air Lines,317525,Domestic
201705,Japan Airlines,12269,International
201806,Lufthansa German Airlines,43396,International
201812,"COPA Airlines, Inc.",19940,International
201804,Aeromexico,25016,International
201608,Aeromexico,23780,International
201707,American Airlines,347634,Domestic
201711,Aeromexico,26444,International
201705,Alaska Airlines,115742,Domestic
201706,Virgin Atlantic,30509,International
201708,Singapore Airlines,27932,International
201809,XL Airways France,2361,International
201901,China Eastern,21516,International
201812,Korean Air Lines,26535,International
201812,SkyWest Airlines,340356,Domestic
201805,Volaris Airlines,4890,International
201607,All Nippon Airways,15014,International
201701,Virgin America,355978,Domestic
201611,Philippine Airlines,20646,International
201706,Southwest Airlines,330948,Domestic
201901,Asiana Airlines,17775,International
201811,SAS Airlines,11280,International
201712,Singapore Airlines,27381,International
201706,Compass Airlines,55971,Domestic
201707,Thomas Cook Airlines,5249,International
201704,Air Canada,66417,International
201710,British Airways,41385,International
201610,XL Airways France,565,International
201709,Qantas Airways,16716,International
201806,Horizon Air,12194,Domestic
201701,Singapore Airlines,29075,International
201709,Air New Zealand,17518,International
201601,SkyWest Airlines,293517,Domestic
201607,China Southern,12828,International
201703,Virgin Atlantic,21234,International
201601,Korean Air Lines,19461,International
201612,Hawaiian Airlines,31532,Domestic
201607,Japan Airlines,13472,International
201607,Delta Air Lines,408883,Domestic
201607,Alaska Airlines,124317,Domestic
201801,Virgin Atlantic,19142,International
201604,United Airlines,1200736,Domestic
201811,Aeromexico,25555,International
201609,Air Canada,84693,International
201712,Virgin America,463105,Domestic
201708,Horizon Air,3650,Domestic
201604,Turkish Airlines,16549,International
201709,Etihad Airways,5352,International
201812,Air China,19412,International
201604,TACA,9480,International
201901,All Nippon Airways,13806,International
201805,Frontier Airlines,16789,Domestic
201612,Philippine Airlines,24595,International
201607,Asiana Airlines,16978,International
201701,Lufthansa German Airlines,37707,International
201604,EVA Airways,34200,International
201802,Air Canada,69765,International
201706,Sun Country Airlines,19854,Domestic
201809,KLM Royal Dutch Airlines,32126,International
201601,Air China,16944,International
201706,American Airlines,345540,Domestic
201710,United Airlines,324852,International
201712,Lufthansa German Airlines,44136,International
201901,Delta Air Lines,274633,Domestic
201605,Air India Limited,5209,International
201901,Japan Airlines,12525,International
201602,JetBlue Airways,123406,Domestic
201707,Virgin Atlantic,29313,International
201901,China Southern,18383,International
201611,Hawaiian Airlines,32232,Domestic
201705,China Eastern,18778,International
201901,Alaska Airlines,424415,Domestic
201709,Aer Lingus,15373,International
201809,SkyWest Airlines,4745,International
201610,Alaska Airlines,110893,Domestic
201702,SAS Airlines,9550,International
201610,China Southern,12173,International
201610,Delta Air Lines,317812,Domestic
201707,Philippine Airlines,25111,International
201610,Japan Airlines,12364,International
201607,XL Airways France,6917,International
201901,Air Pacific Limited dba Fiji Airways,5199,International
201702,Aeromexico,19572,International
201710,Air France,32110,International
201612,Virgin Atlantic,20438,International
201901,Icelandair EHF,5216,International
201703,Hawaiian Airlines,30646,Domestic
201610,All Nippon Airways,13531,International
201605,Southwest Airlines,302308,Domestic
201708,JetBlue Airways,139175,Domestic
201803,Qantas Airways,16140,International
201801,Hawaiian Airlines,33150,Domestic
201812,Hong Kong Airlines Limited,8198,International
201803,Air New Zealand,18208,International
201605,Compass Airlines,38751,Domestic
201605,American Airlines,390077,Domestic
201702,Virgin America,7755,International
201805,Emirates,26550,International
201706,Air India Limited,11494,International
201801,Philippine Airlines,26233,International
201703,Philippine Airlines,20248,International
201805,China Airlines,19398,International
201808,Aeromexico,24283,International
201705,SkyWest Airlines,10048,International
201806,JetBlue Airways,146061,Domestic
201607,Air Pacific Limited dba Fiji Airways,5285,International
201809,China Eastern,19407,International
201810,Aeromexico,22434,International
201710,Cathay Pacific,39204,International
201707,Hawaiian Airlines,32483,Domestic
201803,Aer Lingus,14157,International
201610,Asiana Airlines,16113,International
201705,KLM Royal Dutch Airlines,26053,International
201804,Air Canada,74188,International
201608,Air Canada,106337,International
201711,Air Canada,56705,International
201810,SAS Airlines,13409,International
201611,Virgin Atlantic,17480,International
201605,Sun Country Airlines,15648,Domestic
201710,Jazz Aviation,7132,International
201808,SAS Airlines,13963,International
201801,Air India Limited,11452,International
201610,China Eastern,16848,International
201706,Philippine Airlines,25994,International
201601,Alaska Airlines,13416,International
201709,Jazz Aviation,7697,International
201602,Virgin America,318847,Domestic
201612,Sun Country Airlines,15808,Domestic
201704,SAS Airlines,11850,International
201803,United Airlines,324710,International
201603,Swiss International,11533,International
201609,SAS Airlines,14192,International
201611,Compass Airlines,39027,Domestic
201703,Air India Limited,10638,International
201607,SkyWest Airlines,12722,International
201709,Cathay Pacific,34807,International
201611,Southwest Airlines,317639,Domestic
201704,Aeromexico,29221,International
201602,Singapore Airlines,23909,International
201805,EVA Airways,42363,International
201812,Alaska Airlines,17859,International
201604,Frontier Airlines,58362,Domestic
201805,TACA,12300,International
201809,Asiana Airlines,14422,International
201612,American Airlines,331303,Domestic
201805,Turkish Airlines,19210,International
201811,Air Canada,64029,International
201607,KLM Royal Dutch Airlines,27395,International
201609,Aeromexico,23173,International
201802,Virgin America,17175,International
201612,Southwest Airlines,307740,Domestic
201704,Virgin America,9943,International
201803,British Airways,34897,International
201809,Delta Air Lines,360904,Domestic
201805,United Airlines,1590995,Domestic
201809,Japan Airlines,13083,International
201612,Compass Airlines,36034,Domestic
201809,China Southern,16133,International
201709,Air France,40223,International
201602,Lufthansa German Airlines,34849,International
201611,Sun Country Airlines,13332,Domestic
201809,Alaska Airlines,468163,Domestic
201605,Virgin Atlantic,24607,International
201802,Aeromexico,22160,International
201901,SkyWest Airlines,10127,International
201609,Virgin America,4827,International
201707,Air India Limited,11972,International
201712,JetBlue Airways,121045,Domestic
201807,Finnair,7133,International
201611,American Airlines,350996,Domestic
201809,All Nippon Airways,13395,International
201701,JetBlue Airways,137270,Domestic
201802,SAS Airlines,9635,International
201706,Hawaiian Airlines,31350,Domestic
201901,KLM Royal Dutch Airlines,16094,International
201704,Aer Lingus,13173,International
201612,All Nippon Airways,13885,International
201512,Alaska Airlines,12584,International
201611,Asiana Airlines,16066,International
201806,Frontier Airlines,23307,Domestic
201707,Air Pacific Limited dba Fiji Airways,6582,International
201808,United Airlines,418218,International
201609,Aer Lingus,14671,International
201810,United Airlines,349946,International
201901,Philippine Airlines,28683,International
201610,Virgin Atlantic,22730,International
201612,China Southern,12411,International
201802,Qantas Airways,13325,International
201809,Compass Airlines,44224,Domestic
201607,Hawaiian Airlines,34278,Domestic
201702,British Airways,28656,International
201612,Japan Airlines,11270,International
201802,Air New Zealand,13976,International
201602,Emirates,23207,International
201612,Delta Air Lines,280980,Domestic
201812,Finnair,802,International
201606,WOW Air,9023,International
201809,Iberia,5468,International
201809,Southwest Airlines,302107,Domestic
201609,Etihad Airways,11674,International
201601,Sun Country Airlines,1551,International
201602,China Airlines,17481,International
201704,Etihad Airways,5311,International
201811,Air France,16330,International
201708,Volaris Airlines,7838,International
201807,WOW Air,17556,International
201612,Alaska Airlines,113307,Domestic
201609,Qantas Airways,15839,International
201706,SkyWest Airlines,5100,International
201605,China Eastern,12211,International
201609,Air New Zealand,16934,International
201606,Alaska Airlines,13964,International
201801,Air Pacific Limited dba Fiji Airways,4829,International
201707,XL Airways France,7895,International
201807,Alaska Airlines,28461,International
201808,British Airways,41845,International
201806,Volaris Airlines,5277,International
201704,Qantas Airways,15174,International
201611,All Nippon Airways,13456,International
201709,Air Canada,86821,International
201607,Philippine Airlines,28078,International
201704,Air New Zealand,16898,International
201705,Air India Limited,9830,International
201809,American Airlines,300049,Domestic
201810,British Airways,40926,International
201603,"COPA Airlines, Inc.",7896,International
201612,Asiana Airlines,16257,International
201611,Alaska Airlines,114371,Domestic
201809,Sun Country Airlines,9679,Domestic
201702,United Airlines,251494,International
201706,KLM Royal Dutch Airlines,32438,International
201811,Jazz Aviation,13996,International
201901,Hawaiian Airlines,33681,Domestic
201708,Frontier Airlines,57285,Domestic
201611,China Southern,11676,International
201802,Aer Lingus,7254,International
201805,Horizon Air,19917,Domestic
201901,French Bee,8955,International
201611,Japan Airlines,11321,International
201611,Delta Air Lines,281441,Domestic
201811,Cathay Pacific,43100,International
201610,American Airlines,371921,Domestic
201702,Aer Lingus,6946,International
201712,Frontier Airlines,35706,Domestic
201706,Air Pacific Limited dba Fiji Airways,4583,International
201801,SkyWest Airlines,10416,International
201606,Air Berlin,9865,International
201703,SkyWest Airlines,10843,International
201607,Air India Limited,6212,International
201705,Philippine Airlines,27011,International
201802,United Airlines,275308,International
201704,British Airways,38766,International
201710,Air Canada,78267,International
201810,Air New Zealand,16771,International
201810,Qantas Airways,21231,International
201602,United Airlines,1004035,Domestic
201605,Asiana Airlines,16081,International
201808,Qantas Airways,15151,International
201801,KLM Royal Dutch Airlines,15823,International
201803,Virgin America,18254,International
201804,Jazz Aviation,7597,International
201608,Jazz Aviation,4376,International
201711,Jazz Aviation,7132,International
201808,Air New Zealand,18250,International
201612,China Eastern,18496,International
201702,Etihad Airways,5038,International
201809,Thomas Cook Airlines,6226,International
201701,Frontier Airlines,44255,Domestic
201603,Korean Air Lines,15556,International
201608,Cathay Pacific,41043,International
201711,Cathay Pacific,44675,International
201805,Lufthansa German Airlines,40996,International
201603,SkyWest Airlines,323263,Domestic
201703,KLM Royal Dutch Airlines,17618,International
201804,Cathay Pacific,43651,International
201609,British Airways,40658,International
201610,Sun Country Airlines,13499,Domestic
201809,Virgin Atlantic,30513,International
201602,EVA Airways,31886,International
201805,Singapore Airlines,26636,International
201706,XL Airways France,3993,International
201803,Aeromexico,24459,International
201807,Hong Kong Airlines Limited,10869,International
201605,Alaska Airlines,117930,Domestic
201602,TACA,9843,International
201605,Japan Airlines,12073,International
201901,Air India Limited,16480,International
201605,Delta Air Lines,336639,Domestic
201605,China Southern,12770,International
201707,SkyWest Airlines,7078,International
201602,Turkish Airlines,15800,International
201702,Qantas Airways,11390,International
201712,Volaris Airlines,8636,International
201802,British Airways,26633,International
201702,Air New Zealand,15523,International
201704,United Airlines,334447,International
201803,SAS Airlines,12376,International
201611,China Eastern,15873,International
201705,Hawaiian Airlines,32948,Domestic
201701,Volaris Airlines,9907,International
201604,JetBlue Airways,129368,Domestic
201707,KLM Royal Dutch Airlines,29130,International
201808,Aer Lingus,16384,International
201610,Southwest Airlines,316939,Domestic
201605,All Nippon Airways,14242,International
201804,Air France,26294,International
201603,Air China,15625,International
201608,Air France,47340,International
201711,Air France,15278,International
201610,Compass Airlines,41485,Domestic
201609,United Airlines,313905,International
201810,Aer Lingus,14704,International
201901,Compass Airlines,38956,Domestic
201712,China Airlines,22408,International
201607,Sun Country Airlines,24468,Domestic
201802,Jazz Aviation,5525,International
201706,Asiana Airlines,15939,International
201708,Turkish Airlines,19774,International
201901,Iberia,4971,International
201901,Southwest Airlines,240269,Domestic
201708,TACA,11913,International
201806,United Airlines,1725712,Domestic
201612,SkyWest Airlines,15863,International
201712,Emirates,27656,International
201811,Aer Lingus,13239,International
201708,EVA Airways,36689,International
201705,Thomas Cook Airlines,2466,International
201802,Cathay Pacific,39047,International
201701,Emirates,25894,International
201512,Korean Air Lines,18002,International
201704,Air France,32370,International
201512,SkyWest Airlines,324671,Domestic
201606,Air China,19196,International
201610,Air India Limited,5666,International
201801,China Eastern,19374,International
201609,Air France,38770,International
201612,KLM Royal Dutch Airlines,16442,International
201701,China Airlines,19818,International
201807,Air China,18672,International
201703,China Eastern,15628,International
201804,United Airlines,298894,International
201608,United Airlines,369597,International
201711,United Airlines,300351,International
201607,American Airlines,420157,Domestic
201809,Philippine Airlines,19102,International
201709,Virgin America,3756,International
201811,Qantas Airways,19725,International
201901,Sun Country Airlines,7826,Domestic
201606,WestJet Airlines,14162,International
201809,Hawaiian Airlines,28958,Domestic
201811,Air New Zealand,14381,International
201607,Compass Airlines,51746,Domestic
201611,SkyWest Airlines,13999,International
201607,Southwest Airlines,306410,Domestic
201802,Air France,13601,International
201706,All Nippon Airways,14454,International
201709,Aeromexico,22357,International
201807,WestJet Airlines,24422,International
201809,French Bee,11506,International
201606,SkyWest Airlines,339287,Domestic
201606,Korean Air Lines,20004,International
201512,Air China,18461,International
201609,Jazz Aviation,4067,International
201704,Cathay Pacific,38641,International
201611,KLM Royal Dutch Airlines,16298,International
201806,TACA,13378,International
201706,Alaska Airlines,94865,Domestic
201806,Turkish Airlines,19455,International
201705,Virgin Atlantic,25306,International
201608,British Airways,40436,International
201706,Delta Air Lines,361789,Domestic
201707,China Eastern,19360,International
201711,British Airways,30145,International
201706,Japan Airlines,13304,International
201804,British Airways,39030,International
201708,United Airlines,1804081,Domestic
201706,China Southern,18266,International
201709,SAS Airlines,13200,International
201609,Cathay Pacific,38897,International
201704,Jazz Aviation,4085,International
201807,Korean Air Lines,35876,International
201901,American Airlines,298439,Domestic
201806,EVA Airways,47349,International
201807,SkyWest Airlines,336453,Domestic
201810,Jazz Aviation,14957,International
201705,Southwest Airlines,312958,Domestic
201703,All Nippon Airways,13777,International
201601,Swiss International,11508,International
201606,"COPA Airlines, Inc.",8628,International
201804,Qantas Airways,15178,International
201608,Qantas Airways,14682,International
201711,Qantas Airways,14608,International
201806,China Airlines,19329,International
201705,Compass Airlines,59576,Domestic
201804,Air New Zealand,17443,International
201805,JetBlue Airways,140842,Domestic
201608,Air New Zealand,15054,International
201710,SAS Airlines,13350,International
201711,Air New Zealand,12020,International
201808,Jazz Aviation,16868,International
201604,Virgin America,397945,Domestic
201808,Cathay Pacific,46656,International
201807,"COPA Airlines, Inc.",22956,International
201603,Alaska Airlines,10506,International
201610,Hawaiian Airlines,32461,Domestic
201712,United Airlines,1489459,Domestic
201810,Cathay Pacific,40902,International
201801,All Nippon Airways,13393,International
201806,Emirates,27264,International
201707,Asiana Airlines,16622,International
201703,Japan Airlines,13109,International
201703,Delta Air Lines,257036,Domestic
201710,Aeromexico,22223,International
201607,Virgin Atlantic,28910,International
201703,China Southern,11734,International
201801,Alaska Airlines,108631,Domestic
201812,Swiss International,18346,International
201612,Swissport USA,473,International
201701,United Airlines,1101482,Domestic
201702,Air France,14331,International
201705,Trego Dugan Aviation,412,Domestic
201602,Frontier Airlines,47457,Domestic
201604,Singapore Airlines,25452,International
201801,Delta Air Lines,203471,Domestic
201801,Japan Airlines,11708,International
201811,British Airways,30632,International
201703,Alaska Airlines,130491,Domestic
201801,China Southern,16286,International
201801,Asiana Airlines,18004,International
201512,"COPA Airlines, Inc.",8283,International
201707,All Nippon Airways,14770,International
201710,Virgin America,5618,International
201605,KLM Royal Dutch Airlines,27067,International
201701,EVA Airways,37627,International
201604,Lufthansa German Airlines,41476,International
201803,Air Canada,75200,International
201807,ABC Aerolineas S.A. de C.V. dba Interjet,4911,International
201705,Sun Country Airlines,15886,Domestic
201612,Air Pacific Limited dba Fiji Airways,4166,International
201804,Aer Lingus,13806,International
201608,Aer Lingus,14889,International
201701,TACA,11905,International
201711,Aer Lingus,12309,International
201701,Turkish Airlines,14461,International
201810,Air France,24114,International
201703,Asiana Airlines,14792,International
201808,Air France,46121,International
201605,SkyWest Airlines,15423,International
201707,China Southern,19996,International
201608,Etihad Airways,13746,International
201712,TACA,14019,International
201901,Virgin Atlantic,20387,International
201707,Japan Airlines,12827,International
201712,Turkish Airlines,19135,International
201610,Philippine Airlines,19926,International
201702,Cathay Pacific,34962,International
201706,China Eastern,19767,International
201707,Delta Air Lines,398259,Domestic
201708,China Airlines,26042,International
201611,Swissport USA,507,International
201705,American Airlines,323135,Domestic
201809,Air India Limited,14466,International
201712,EVA Airways,43532,International
201708,Emirates,27134,International
201707,Alaska Airlines,127212,Domestic
201702,Jazz Aviation,3480,International
201811,United Airlines,337626,International
201512,Emirates,26522,International
201601,Singapore Airlines,29518,International
201605,British Airways,40278,International
201709,Hawaiian Airlines,31241,Domestic
201806,ABC Aerolineas S.A. de C.V. dba Interjet,5354,International
201603,Frontier Airlines,56087,Domestic
201612,Air New Zealand,15837,International
201802,Japan Airlines,10634,International
201704,Asiana Airlines,14946,International
201802,Delta Air Lines,200195,Domestic
201611,Aer Lingus,8818,International
201612,Qantas Airways,15020,International
201701,SkyWest Airlines,318388,Domestic
201802,China Southern,13379,International
201701,Korean Air Lines,19967,International
201609,Asiana Airlines,15109,International
201803,Virgin Atlantic,22013,International
201512,China Airlines,18021,International
201608,XL Airways France,7667,International
201802,Alaska Airlines,110825,Domestic
201808,China Eastern,21745,International
201809,Aeromexico,21476,International
201810,China Eastern,20139,International
201602,Alaska Airlines,11091,International
201706,Air France,42349,International
201812,Singapore Airlines,30057,International
201601,Virgin America,322497,Domestic
201802,All Nippon Airways,11431,International
201604,Swiss International,11701,International
201809,SAS Airlines,13508,International
201708,"COPA Airlines, Inc.",17397,International
201901,Air Canada,58854,International
201611,Etihad Airways,11522,International
201712,SkyWest Airlines,323810,Domestic
201712,Korean Air Lines,26780,International
201701,Air China,25077,International
201807,China Airlines,19677,International
201605,United Airlines,316673,International
201606,Emirates,26336,International
201710,Air India Limited,11162,International
201609,All Nippon Airways,14100,International
201611,Air New Zealand,13951,International
201611,Qantas Airways,11466,International
201612,Aer Lingus,8756,International
201804,Air Pacific Limited dba Fiji Airways,3394,International
201608,Air Pacific Limited dba Fiji Airways,1711,International
201704,All Nippon Airways,12233,International
201711,Air Pacific Limited dba Fiji Airways,1442,International
201807,Emirates,29617,International
201811,SkyWest Airlines,16939,International
201806,"COPA Airlines, Inc.",21630,International
201812,Lufthansa German Airlines,40814,International
201606,China Airlines,19552,International
201612,Etihad Airways,13294,International
201702,China Eastern,15020,International
201706,Cathay Pacific,43346,International
201609,Delta Air Lines,283286,Domestic
201609,Japan Airlines,12619,International
201609,China Southern,11479,International
201704,Alaska Airlines,120357,Domestic
201704,Japan Airlines,11740,International
201712,Air China,19447,International
201601,Lufthansa German Airlines,40844,International
201704,Delta Air Lines,287794,Domestic
201802,Asiana Airlines,16629,International
201609,Alaska Airlines,116935,Domestic
201704,China Southern,15035,International
201709,Philippine Airlines,18029,International
201607,Air Canada,105165,International
201706,Jazz Aviation,7248,International
201811,KLM Royal Dutch Airlines,16700,International
201808,Delta Air Lines,466523,Domestic
201710,Philippine Airlines,20020,International
201808,Japan Airlines,13508,International
201808,China Southern,21361,International
201702,Asiana Airlines,15036,International
201810,China Southern,20366,International
201803,American Airlines,313567,Domestic
201810,Delta Air Lines,387804,Domestic
201512,United Airlines,1197407,Domestic
201810,Japan Airlines,13313,International
201605,Etihad Airways,12777,International
201804,SkyWest Airlines,13394,International
201806,WestJet Airlines,22532,International
201810,Alaska Airlines,512071,Domestic
201812,Horizon Air,16217,Domestic
201608,SkyWest Airlines,12983,International
201711,SkyWest Airlines,11306,International
201708,Air China,20113,International
201802,China Eastern,17726,International
201808,Alaska Airlines,533426,Domestic
201811,Air Pacific Limited dba Fiji Airways,3112,International
201605,Aer Lingus,13393,International
201610,Virgin America,7165,International
201807,TACA,14503,International
201808,All Nippon Airways,14572,International
201807,Turkish Airlines,20212,International
201810,All Nippon Airways,13395,International
201606,EVA Airways,35800,International
201703,Jazz Aviation,4161,International
201801,Cathay Pacific,47110,International
201611,British Airways,33502,International
201811,Icelandair EHF,7442,International
201612,United Airlines,326510,International
201709,Air India Limited,10822,International
201803,Sun Country Airlines,7532,Domestic
201608,KLM Royal Dutch Airlines,28091,International
201711,KLM Royal Dutch Airlines,16426,International
201806,SkyWest Airlines,322041,Domestic
201807,EVA Airways,53864,International
201703,Cathay Pacific,38983,International
201705,Air Canada,74838,International
201801,Jazz Aviation,4735,International
201804,KLM Royal Dutch Airlines,29170,International
201806,Korean Air Lines,33992,International
201606,Turkish Airlines,17879,International
201707,Air France,47334,International
201606,TACA,10789,International
201606,United Airlines,1449843,Domestic
201610,Aeromexico,22770,International
201805,Finnair,5430,International
201708,SkyWest Airlines,336027,Domestic
201708,Korean Air Lines,32176,International
201712,"COPA Airlines, Inc.",16434,International
201702,All Nippon Airways,11778,International
201807,United Airlines,1839225,Domestic
201512,EVA Airways,34886,International
201801,Air France,16322,International
201701,"COPA Airlines, Inc.",14322,International
201704,China Eastern,16854,International
201611,United Airlines,282343,International
201707,Jazz Aviation,8030,International
201610,SAS Airlines,14117,International
201702,Alaska Airlines,100327,Domestic
201702,Japan Airlines,10520,International
201803,Compass Airlines,68160,Domestic
201512,Turkish Airlines,16870,International
201702,Delta Air Lines,185889,Domestic
201707,Cathay Pacific,41946,International
201512,TACA,13973,International
201702,China Southern,10775,International
201708,WestJet Airlines,23774,International
201810,Asiana Airlines,16656,International
201612,British Airways,33906,International
201605,Qantas Airways,13824,International
201703,Air France,18514,International
201803,Southwest Airlines,308577,Domestic
201806,Air China,18213,International
201808,Asiana Airlines,16834,International
201605,Air New Zealand,17512,International
201710,Hawaiian Airlines,32282,Domestic
201609,China Eastern,14977,International
201706,Aer Lingus,15994,International
201806,Hong Kong Airlines Limited,9258,International
201710,Thomas Cook Airlines,4098,International
201602,Korean Air Lines,17144,International
201602,SkyWest Airlines,286934,Domestic
201603,United Airlines,1216832,Domestic
201712,Alaska Airlines,11353,International
201811,Asiana Airlines,16138,International
201901,SAS Airlines,10469,International
201607,Virgin America,12738,International
201809,Air Canada,89476,International
201709,American Airlines,305669,Domestic
201802,KLM Royal Dutch Airlines,14113,International
201803,Air India Limited,13456,International
201701,Alaska Airlines,15397,International
201709,Sun Country Airlines,12899,Domestic
201611,Air France,16861,International
201612,Jazz Aviation,4041,International
201801,United Airlines,314697,International
201612,Cathay Pacific,43336,International
201706,Etihad Airways,5675,International
201703,United Airlines,320387,International
201804,China Eastern,19427,International
201608,China Eastern,15610,International
201707,British Airways,42269,International
201711,China Eastern,18020,International
201808,XL Airways France,8644,International
201802,SkyWest Airlines,8833,International
201901,Aeromexico,27354,International
201708,Air Berlin,20081,International
201704,SkyWest Airlines,10491,International
201602,Air China,15173,International
201701,WOW Air,8949,International
201808,Icelandair EHF,7028,International
201810,Icelandair EHF,6969,International
201601,JetBlue Airways,123075,Domestic
201805,Swiss International,19517,International
201811,All Nippon Airways,12856,International
201607,SAS Airlines,15099,International
201609,SkyWest Airlines,12334,International
201706,Qantas Airways,15360,International
201706,Air New Zealand,17475,International
201709,Compass Airlines,51766,Domestic
201812,JetBlue Airways,122390,Domestic
201704,KLM Royal Dutch Airlines,26839,International
201603,TACA,10591,International
201709,Southwest Airlines,319727,Domestic
201801,British Airways,30755,International
201811,Japan Airlines,12484,International
201611,Cathay Pacific,39873,International
201811,Delta Air Lines,320890,Domestic
201811,China Southern,16593,International
201603,Turkish Airlines,17594,International
201611,Jazz Aviation,3969,International
201707,United Airlines,435055,International
201703,British Airways,36468,International
201712,WOW Air,6913,International
201808,Air Pacific Limited dba Fiji Airways,5326,International
201811,Alaska Airlines,509215,Domestic
201710,Virgin Atlantic,21506,International
201810,Air Pacific Limited dba Fiji Airways,3346,International
201603,EVA Airways,34040,International
201607,Aeromexico,26718,International
201609,KLM Royal Dutch Airlines,26379,International
201612,Air France,18716,International
201709,Virgin Atlantic,28628,International
201608,All Nippon Airways,15079,International
201711,All Nippon Airways,13191,International
201804,All Nippon Airways,11847,International
201603,China Airlines,19387,International
201605,Air France,34292,International
201703,Qantas Airways,13601,International
201604,Sun Country Airlines,557,International
201703,Air New Zealand,16726,International
201710,Southwest Airlines,320010,Domestic
201801,Qantas Airways,17713,International
201512,Frontier Airlines,71411,Domestic
201707,Aer Lingus,15563,International
201803,Hawaiian Airlines,32149,Domestic
201808,KLM Royal Dutch Airlines,33504,International
201801,Air New Zealand,17364,International
201708,WOW Air,17385,International
201710,Compass Airlines,54250,Domestic
201807,Volaris Airlines,5555,International
201810,KLM Royal Dutch Airlines,28788,International
201705,SAS Airlines,12556,International
201806,Alaska Airlines,26716,International
201603,Emirates,25263,International
201608,Delta Air Lines,377973,Domestic
201706,British Airways,40494,International
201711,Delta Air Lines,283850,Domestic
201804,Japan Airlines,11822,International
201608,Japan Airlines,13479,International
201711,Japan Airlines,11544,International
201804,Delta Air Lines,336962,Domestic
201707,Etihad Airways,5983,International
201804,China Southern,15367,International
201608,China Southern,12491,International
201711,China Southern,14264,International
201808,SkyWest Airlines,5079,International
201705,Aeromexico,25888,International
201608,Alaska Airlines,119649,Domestic
201711,Alaska Airlines,121754,Domestic
201804,Alaska Airlines,170508,Domestic
201810,SkyWest Airlines,10997,International
201702,SkyWest Airlines,11494,International
201807,Frontier Airlines,23380,Domestic
201605,Cathay Pacific,42265,International
201610,Air Canada,79842,International
201707,Air New Zealand,18013,International
201801,Aer Lingus,9310,International
201707,Qantas Airways,16138,International
201703,Aer Lingus,9578,International
201705,Virgin America,8772,International
201608,Asiana Airlines,16750,International
201711,Asiana Airlines,15745,International
201710,Sun Country Airlines,14438,Domestic
201804,Asiana Airlines,15564,International
201606,Frontier Airlines,61293,Domestic
201609,XL Airways France,4199,International
201703,Etihad Airways,5175,International
201710,American Airlines,333009,Domestic
201602,"COPA Airlines, Inc.",7135,International
201702,KLM Royal Dutch Airlines,13098,International
201706,United Airlines,410852,International
201803,Philippine Airlines,21757,International
201709,Thomas Cook Airlines,4640,International
201611,Mesa Airlines,46,Domestic
201802,Air Pacific Limited dba Fiji Airways,1788,International
201806,WOW Air,18421,International
201811,China Eastern,18777,International
201708,Alaska Airlines,22711,International
201605,Air Canada,82774,International
201610,Cathay Pacific,38941,International
201702,Philippine Airlines,19065,International
201810,Hawaiian Airlines,31457,Domestic
201710,Asiana Airlines,16145,International
201804,Sun Country Airlines,12220,Domestic
201608,Sun Country Airlines,21389,Domestic
201711,Sun Country Airlines,14904,Domestic
201801,Virgin America,16539,International
201803,KLM Royal Dutch Airlines,20591,International
201808,Hawaiian Airlines,32653,Domestic
201808,French Bee,13098,International
201806,Finnair,6167,International
201601,Frontier Airlines,54734,Domestic
201703,Virgin America,8634,International
201705,Aer Lingus,13876,International
201707,SAS Airlines,14264,International
201610,Jazz Aviation,3838,International
201603,Singapore Airlines,25360,International
201709,China Eastern,18500,International
201810,French Bee,11735,International
201805,Air China,18651,International
201705,Etihad Airways,5699,International
201803,SkyWest Airlines,12147,International
201602,Swiss International,9896,International
201603,Virgin America,381100,Domestic
201802,Air India Limited,10035,International
201608,American Airlines,394657,Domestic
201707,Aeromexico,40189,International
201711,American Airlines,311263,Domestic
201804,American Airlines,311126,Domestic
201607,United Airlines,385460,International
201812,Frontier Airlines,27591,Domestic
201901,British Airways,30939,International
201604,Alaska Airlines,11174,International
201608,Southwest Airlines,317702,Domestic
201711,Southwest Airlines,327436,Domestic
201804,Iberia,1352,International
201804,Southwest Airlines,320077,Domestic
201801,SAS Airlines,10962,International
201608,Compass Airlines,52311,Domestic
201711,Compass Airlines,56821,Domestic
201704,Air India Limited,9555,International
201705,Air New Zealand,17144,International
201804,Compass Airlines,55919,Domestic
201805,WestJet Airlines,21421,International
201610,Air France,30610,International
201705,Qantas Airways,13573,International
201609,Air India Limited,5164,International
201707,Virgin America,10861,International
201710,All Nippon Airways,13971,International
201703,SAS Airlines,11523,International
201811,Virgin Atlantic,22317,International
201812,Volaris Airlines,4902,International
201801,Aeromexico,26507,International
201603,Lufthansa German Airlines,43685,International
201710,Alaska Airlines,118612,Domestic
201805,Korean Air Lines,28998,International
201805,SkyWest Airlines,279883,Domestic
201703,Aeromexico,22296,International
201708,Finnair,6502,International
201710,Delta Air Lines,323122,Domestic
201710,Japan Airlines,12925,International
201808,Philippine Airlines,22511,International
201710,China Southern,19181,International
201607,British Airways,41035,International
201702,Hawaiian Airlines,25428,Domestic
201810,Philippine Airlines,20372,International
201901,United Airlines,345972,International
201607,Air New Zealand,18036,International
201704,Philippine Airlines,25411,International
201606,JetBlue Airways,131700,Domestic
201811,Compass Airlines,33530,Domestic
201607,Qantas Airways,16694,International
201802,Hawaiian Airlines,27607,Domestic
201805,"COPA Airlines, Inc.",19251,International
201709,Delta Air Lines,320631,Domestic
201709,Japan Airlines,12730,International
201811,Iberia,4616,International
201811,Southwest Airlines,285343,Domestic
201706,SAS Airlines,13584,International
201709,China Southern,18285,International
201809,Air France,39813,International
201701,Sun Country Airlines,964,International
201709,Alaska Airlines,122094,Domestic
201609,Philippine Airlines,17453,International
201901,Aer Lingus,11892,International
201807,JetBlue Airways,154270,Domestic
201706,Aeromexico,29334,International
201804,Virgin Atlantic,22235,International
201608,Virgin Atlantic,29601,International
201711,Virgin Atlantic,20356,International
201611,Air Canada,55016,International
201709,All Nippon Airways,14051,International
201705,British Airways,39680,International
201810,Air India Limited,15411,International
201808,Air India Limited,15318,International
201811,Sun Country Airlines,12753,Domestic
201901,Qantas Airways,23980,International
201706,Virgin America,10305,International
201809,Jazz Aviation,14171,International
201901,Air New Zealand,16750,International
201512,JetBlue Airways,128152,Domestic
201702,Air India Limited,9662,International
201607,Aer Lingus,15008,International
201805,ABC Aerolineas S.A. de C.V. dba Interjet,3846,International
201809,Cathay Pacific,39078,International
201609,Hawaiian Airlines,31395,Domestic
201710,China Eastern,18203,International
201607,Etihad Airways,14078,International
201803,Air Pacific Limited dba Fiji Airways,2232,International
201709,Asiana Airlines,14573,International
201705,United Airlines,345877,International
201612,Air Canada,62510,International
201802,Philippine Airlines,19035,International
201704,Hawaiian Airlines,31137,Domestic
201811,American Airlines,333783,Domestic
201605,Aeromexico,21390,International
201802,Virgin Atlantic,15581,International
201803,Alaska Airlines,79214,Domestic
201601,United Airlines,1036781,Domestic
201604,Korean Air Lines,17182,International
201604,SkyWest Airlines,311356,Domestic
201702,Southwest Airlines,230783,Domestic
201808,American Airlines,359546,Domestic
201803,Delta Air Lines,271366,Domestic
201809,British Airways,41388,International
201810,American Airlines,329692,Domestic
201702,Compass Airlines,45881,Domestic
201803,Japan Airlines,12923,International
201712,Swiss International,16452,International
201803,China Southern,16546,International
201812,United Airlines,1390933,Domestic
201805,WOW Air,15259,International
201810,Sun Country Airlines,9754,Domestic
201808,Sun Country Airlines,16360,Domestic
201605,SAS Airlines,12984,International
201608,Hawaiian Airlines,34605,Domestic
201701,Swiss International,11111,International
201711,Hawaiian Airlines,30249,Domestic
201804,Hawaiian Airlines,31322,Domestic
201707,Air Canada,109398,International
201610,Air New Zealand,17041,International
201803,All Nippon Airways,13772,International
201610,Qantas Airways,15808,International
201705,Air France,32370,International
201709,XL Airways France,4366,International
201805,Alaska Airlines,27778,International
201710,SkyWest Airlines,10185,International
201812,EVA Airways,49795,International
201804,Philippine Airlines,25110,International
201608,Philippine Airlines,22954,International
201711,Philippine Airlines,20628,International
201811,Air India Limited,15714,International
201603,JetBlue Airways,123406,Domestic
201610,Etihad Airways,10809,International
201702,Sun Country Airlines,4484,Domestic
201812,TACA,15294,International
201604,Air China,17912,International
201809,United Airlines,337440,International
201812,Turkish Airlines,19455,International
201803,Asiana Airlines,16189,International
201808,Iberia,7070,International
201808,Southwest Airlines,337749,Domestic
201601,EVA Airways,36503,International
201609,Virgin Atlantic,26167,International
201710,KLM Royal Dutch Airlines,28914,International
201810,Compass Airlines,49089,Domestic
201605,Virgin America,10754,International
201610,Aer Lingus,13608,International
201702,American Airlines,245505,Domestic
201807,Horizon Air,12754,Domestic
201808,Compass Airlines,44925,Domestic
201705,Jazz Aviation,7640,International
201801,Air Canada,64177,International
201810,Iberia,602,International
201810,Southwest Airlines,326531,Domestic
201601,Turkish Airlines,17199,International
201703,Air Canada,65842,International
201705,Cathay Pacific,40157,International
201601,TACA,13105,International
201704,Virgin Atlantic,25970,International
201709,Air Pacific Limited dba Fiji Airways,3334,International
201512,Singapore Airlines,27183,International
201601,Emirates,25508,International
201609,Compass Airlines,54500,Domestic
201611,SAS Airlines,11551,International
201610,United Airlines,310131,International
201710,Air Pacific Limited dba Fiji Airways,3174,International
201810,Virgin Atlantic,25811,International
201609,Southwest Airlines,312589,Domestic
201808,Virgin Atlantic,35088,International
201803,China Eastern,20381,International
201612,Virgin America,9316,International
201704,Southwest Airlines,304000,Domestic
201806,Swiss International,19694,International
201601,China Airlines,19993,International
201602,Sun Country Airlines,2003,International
201608,Air India Limited,5549,International
201711,Air India Limited,11622,International
201811,Philippine Airlines,20803,International
201704,Compass Airlines,72304,Domestic
201804,Air India Limited,15543,International
201709,KLM Royal Dutch Airlines,29310,International
201802,American Airlines,264234,Domestic
201607,Jazz Aviation,4489,International
201802,Sun Country Airlines,5626,Domestic
201706,Air Canada,91473,International
201807,Lufthansa German Airlines,44429,International
201512,Virgin America,362467,Domestic
201611,Aeromexico,24709,International
201812,Emirates,26129,International
201901,Air France,15677,International
201812,China Airlines,18523,International
201606,Lufthansa German Airlines,45990,International
201607,Cathay Pacific,43587,International
201709,SkyWest Airlines,9804,International
201809,Aer Lingus,16152,International
201609,Sun Country Airlines,14639,Domestic
201610,British Airways,39684,International
201606,Singapore Airlines,27994,International
201611,Virgin America,7962,International
201807,Singapore Airlines,29574,International
201612,SAS Airlines,11058,International
201704,Sun Country Airlines,11432,Domestic
201805,Hong Kong Airlines Limited,9684,International
201802,Compass Airlines,49904,Domestic
201809,Qantas Airways,21858,International
201606,Virgin America,436480,Domestic
201704,American Airlines,294790,Domestic
201809,Air New Zealand,17944,International
201811,Hawaiian Airlines,30878,Domestic
201901,Jazz Aviation,12037,International
201802,Southwest Airlines,262820,Domestic
201512,Lufthansa German Airlines,38846,International
201708,Swiss International,19938,International
201607,Air France,46306,International
201612,Aeromexico,26989,International
201810,Thomas Cook Airlines,4489,International
201702,Virgin Atlantic,17186,International
201808,Thomas Cook Airlines,6671,International
201811,French Bee,8826,International
201604,"COPA Airlines, Inc.",7407,International
201609,American Airlines,364333,Domestic
201901,Cathay Pacific,54570,International
201710,Swissport USA,146,International
201808,China Airlines,19846,International
201512,China Eastern,14597,International
201805,Aeromexico,25391,International
201801,Korean Air Lines,26164,International
201806,Jazz Aviation,15089,International
201704,EVA Airways,35265,International
201801,SkyWest Airlines,327708,Domestic
201609,TACA,10116,International
201803,Singapore Airlines,26718,International
201810,China Airlines,17995,International
201609,Turkish Airlines,17489,International
201802,United Airlines,1148556,Domestic
201704,TACA,10375,International
201704,Turkish Airlines,17421,International
201707,Air China,19098,International
201808,Emirates,28157,International
201810,Emirates,24069,International
201601,Virgin Atlantic,20948,International
201603,KLM Royal Dutch Airlines,16127,International
201609,EVA Airways,29992,International
201703,SkyWest Airlines,339730,Domestic
201703,Korean Air Lines,15540,International
201806,Cathay Pacific,47385,International
201803,Virgin America,510016,Domestic
201602,United Airlines,233608,International
201706,"COPA Airlines, Inc.",15237,International
201710,JetBlue Airways,142248,Domestic
201805,SAS Airlines,13824,International
201607,Swiss International,22667,International
201811,Volaris Airlines,3807,International
201812,Virgin Atlantic,22004,International
201708,Air France,47142,International
201603,SkyWest Airlines,18190,International
201605,Alaska Airlines,9665,International
201606,China Eastern,15232,International
201801,Air China,18570,International
201703,Air China,20179,International
201806,Air France,41824,International
201807,China Eastern,20947,International
201707,SkyWest Airlines,341200,Domestic
201707,Korean Air Lines,34203,International
201602,British Airways,33703,International
201708,Jazz Aviation,8179,International
201702,Emirates,20912,International
201704,United Airlines,1365522,Domestic
201802,TACA,11001,International
201811,Frontier Airlines,25617,Domestic
201802,Turkish Airlines,17002,International
201609,United Airlines,1351359,Domestic
201702,China Airlines,17073,International
201901,Swiss International,17322,International
201708,Cathay Pacific,41130,International
201707,WestJet Airlines,24091,International
201803,Lufthansa German Airlines,43107,International
201604,Air Canada,57769,International
201802,EVA Airways,41716,International
201601,American Airlines,334258,Domestic
201605,Air Berlin,4200,International
201706,Air China,18673,International
201702,EVA Airways,30521,International
201512,Alaska Airlines,102141,Domestic
201611,WOW Air,10611,International
201802,China Airlines,22382,International
201712,Jazz Aviation,6431,International
201512,China Southern,11632,International
201702,TACA,9582,International
201812,Sun Country Airlines,16782,Domestic
201512,Delta Air Lines,285540,Domestic
201702,Turkish Airlines,11412,International
201512,Japan Airlines,12361,International
201712,Cathay Pacific,49246,International
201810,United Airlines,1576961,Domestic
201602,Qantas Airways,11178,International
201808,United Airlines,1850238,Domestic
201802,Emirates,24785,International
201602,Air New Zealand,16911,International
201608,Frontier Airlines,74127,Domestic
201711,Frontier Airlines,33029,Domestic
201804,Frontier Airlines,21368,Domestic
201606,Asiana Airlines,16457,International
201701,Cathay Pacific,42887,International
201812,American Airlines,327957,Domestic
201512,All Nippon Airways,14028,International
201707,"COPA Airlines, Inc.",18203,International
201803,Horizon Air,16382,Domestic
201612,Alaska Airlines,15518,International
201807,Asiana Airlines,18258,International
201801,Swissport USA,98,Domestic
201601,Sun Country Airlines,7179,Domestic
201701,Jazz Aviation,3757,International
201807,Delta Air Lines,467105,Domestic
201602,Aer Lingus,5800,International
201606,Alaska Airlines,119835,Domestic
201807,Japan Airlines,13380,International
201807,China Southern,21339,International
201706,Korean Air Lines,29143,International
201706,SkyWest Airlines,313368,Domestic
201612,WOW Air,10874,International
201812,Compass Airlines,41819,Domestic
201709,JetBlue Airways,129554,Domestic
201809,Finnair,5279,International
201606,China Southern,12949,International
201712,Air France,12147,International
201812,Iberia,5079,International
201812,Southwest Airlines,272092,Domestic
201606,Japan Airlines,12853,International
201807,Alaska Airlines,592109,Domestic
201606,Delta Air Lines,383462,Domestic
201808,TACA,13446,International
201704,Emirates,20216,International
201807,All Nippon Airways,14718,International
201808,Turkish Airlines,20261,International
201609,China Airlines,18197,International
201701,Air France,18095,International
201702,United Airlines,1041015,Domestic
201706,WestJet Airlines,19782,International
201810,Turkish Airlines,19614,International
201512,Asiana Airlines,15492,International
201810,TACA,12842,International
201611,Alaska Airlines,14378,International
201801,"COPA Airlines, Inc.",15000,International
201602,Etihad Airways,10639,International
201704,China Airlines,18526,International
201703,"COPA Airlines, Inc.",12668,International
201808,EVA Airways,55830,International
201601,Southwest Airlines,249172,Domestic
201608,Volaris Airlines,14467,International
201711,Volaris Airlines,6433,International
201810,EVA Airways,43421,International
201606,All Nippon Airways,14449,International
201705,Swiss International,17071,International
201804,Volaris Airlines,5689,International
201601,Compass Airlines,42003,Domestic
201609,Emirates,22755,International
201812,Air India Limited,16494,International
201805,Air Canada,80937,International
201807,Icelandair EHF,7327,International
201603,Delta Air Lines,289332,Domestic
201603,Japan Airlines,12572,International
201802,Frontier Airlines,34232,Domestic
201811,TACA,15276,International
201811,Turkish Airlines,18319,International
201603,China Southern,12082,International
201707,WOW Air,18193,International
201603,Alaska Airlines,115667,Domestic
201710,Lufthansa German Airlines,45827,International
201712,United Airlines,332711,International
201604,Virgin America,10844,International
201708,Aer Lingus,15755,International
201811,EVA Airways,47564,International
201605,Air China,18973,International
201608,China Airlines,21209,International
201706,Air Berlin,21067,International
201709,Horizon Air,5569,Domestic
201711,China Airlines,21743,International
201806,Qantas Airways,16728,International
201804,China Airlines,18521,International
201701,United Airlines,303577,International
201806,Air New Zealand,17811,International
201606,Air Pacific Limited dba Fiji Airways,2564,International
201611,"COPA Airlines, Inc.",12504,International
201801,Alaska Airlines,10993,International
201704,Volaris Airlines,9804,International
201603,All Nippon Airways,13799,International
201708,Etihad Airways,6345,International
201601,Air India Limited,6204,International
201609,Volaris Airlines,8396,International
201703,Alaska Airlines,15352,International
201804,Emirates,24291,International
201608,Emirates,27049,International
201711,Emirates,25209,International
201807,Air Pacific Limited dba Fiji Airways,6851,International
201708,Air New Zealand,17611,International
201708,Qantas Airways,15913,International
201803,JetBlue Airways,141706,Domestic
201605,WestJet Airlines,13271,International
201710,Virgin America,477441,Domestic
201801,WOW Air,7504,International
201604,SAS Airlines,12487,International
201712,British Airways,28198,International
201802,Volaris Airlines,6968,International
201703,WOW Air,14790,International
201809,Swiss International,18885,International
201701,British Airways,35382,International
201710,Singapore Airlines,25592,International
201606,XL Airways France,4686,International
201609,Frontier Airlines,72321,Domestic
201605,SkyWest Airlines,349962,Domestic
201605,Korean Air Lines,19659,International
201603,Asiana Airlines,14105,International
201612,"COPA Airlines, Inc.",15970,International
201811,United Airlines,1385135,Domestic
201704,Frontier Airlines,45823,Domestic
201707,Alaska Airlines,19105,International
201807,XL Airways France,8160,International
201806,Aer Lingus,16956,International
201604,Aeromexico,19599,International
201512,KLM Royal Dutch Airlines,14920,International
201808,Frontier Airlines,27197,Domestic
201605,"COPA Airlines, Inc.",8294,International
201706,WOW Air,17094,International
201610,Swiss International,12636,International
201611,Air China,23436,International
201810,Frontier Airlines,25833,Domestic
201612,SkyWest Airlines,312927,Domestic
201701,Qantas Airways,18237,International
201601,Hawaiian Airlines,26040,Domestic
201612,Korean Air Lines,19566,International
201701,Air New Zealand,17674,International
201709,Singapore Airlines,25481,International
201806,United Airlines,413484,International
201603,China Eastern,12130,International
201602,Cathay Pacific,33923,International
201512,SkyWest Airlines,25635,International
201712,Qantas Airways,17273,International
201702,Volaris Airlines,7687,International
201812,French Bee,15939,International
201712,Air New Zealand,17109,International
201709,Virgin America,441505,Domestic
201812,Hawaiian Airlines,37775,Domestic
201707,Air Berlin,22042,International
201804,United Airlines,1522456,Domestic
201608,United Airlines,1572246,Domestic
201711,United Airlines,1515066,Domestic
201708,British Airways,42431,International
201608,TACA,12368,International
201611,SkyWest Airlines,312991,Domestic
201701,Aer Lingus,8397,International
201711,TACA,11937,International
201611,Korean Air Lines,15815,International
201804,TACA,12283,International
201804,Turkish Airlines,18823,International
201608,Turkish Airlines,18725,International
201711,Turkish Airlines,17678,International
201606,KLM Royal Dutch Airlines,28195,International
201812,Philippine Airlines,26310,International
201608,EVA Airways,35244,International
201612,Air China,25751,International
201711,EVA Airways,40754,International
201807,KLM Royal Dutch Airlines,31377,International
201810,Volaris Airlines,3969,International
201804,EVA Airways,43894,International
201710,Horizon Air,5557,Domestic
201808,Volaris Airlines,4616,International
201806,British Airways,42667,International
201706,Alaska Airlines,18651,International
201601,Philippine Airlines,25330,International
201602,Air France,15876,International
201811,China Airlines,18605,International
201606,SkyWest Airlines,15147,International
201709,Lufthansa German Airlines,46041,International
201701,Etihad Airways,12343,International
201712,Aer Lingus,11898,International
201702,Frontier Airlines,33869,Domestic
201807,SkyWest Airlines,5126,International
201708,United Airlines,423631,International
201811,Emirates,25021,International
201601,KLM Royal Dutch Airlines,13134,International
201603,Virgin Atlantic,23211,International
201710,EVA Airways,33868,International
201701,Virgin America,9273,International
201709,China Airlines,19404,International
201711,Horizon Air,4725,Domestic
201804,Horizon Air,17230,Domestic
201812,SkyWest Airlines,16833,International
201811,Lufthansa German Airlines,37961,International
201710,TACA,10615,International
201710,Turkish Airlines,18705,International
201512,Hawaiian Airlines,27356,Domestic
201803,Frontier Airlines,38326,Domestic
201709,Emirates,20418,International
201601,SkyWest Airlines,18564,International
201606,Philippine Airlines,25620,International
201812,KLM Royal Dutch Airlines,16704,International
201704,JetBlue Airways,129204,Domestic
201807,Philippine Airlines,28310,International
201609,JetBlue Airways,133532,Domestic
201705,Air Berlin,11703,International
201712,Virgin America,18371,International
201604,United Airlines,285875,International
201809,Air China,18544,International
201607,Alaska Airlines,16356,International
201803,Volaris Airlines,8575,International
201610,"COPA Airlines, Inc.",8554,International
201605,Swiss International,12449,International
201701,SAS Airlines,10732,International
201807,Hawaiian Airlines,32855,Domestic
201712,Aeromexico,31153,International
201606,Hawaiian Airlines,33267,Domestic
201807,French Bee,11416,International
201809,WestJet Airlines,18355,International
201802,JetBlue Airways,121645,Domestic
201607,WOW Air,14318,International
201701,Aeromexico,23199,International
201602,Air Canada,52808,International
201512,Philippine Airlines,23215,International
201710,United Airlines,1592759,Domestic
201706,Finnair,6039,International
201809,Korean Air Lines,24459,International
201809,SkyWest Airlines,275268,Domestic
201901,Alaska Airlines,19614,International
201604,British Airways,37317,International
201712,SAS Airlines,11040,International
201811,Singapore Airlines,25807,International
201604,Air New Zealand,16803,International
201703,Sun Country Airlines,318,International
201604,Qantas Airways,13291,International
201805,Air France,37573,International
201610,WestJet Airlines,9936,International
201708,SAS Airlines,13443,International
201705,WOW Air,9163,International
201709,United Airlines,1480495,Domestic
201608,Virgin America,449172,Domestic
201711,Virgin America,470447,Domestic
201804,Virgin America,403515,Domestic
201603,American Airlines,361118,Domestic
201801,Sun Country Airlines,764,International
201809,"COPA Airlines, Inc.",16411,International
201603,Sun Country Airlines,6650,Domestic
201610,Korean Air Lines,17191,International
201610,SkyWest Airlines,307373,Domestic
201512,Air India Limited,5832,International
201702,JetBlue Airways,119472,Domestic
201608,Singapore Airlines,29655,International
201711,Singapore Airlines,25614,International
201804,Singapore Airlines,25285,International
201612,Swiss International,11296,International
201708,Aeromexico,34489,International
201811,Horizon Air,15207,Domestic
201608,Lufthansa German Airlines,45117,International
201711,Lufthansa German Airlines,42158,International
201805,Cathay Pacific,47304,International
201809,ABC Aerolineas S.A. de C.V. dba Interjet,4832,International
201804,Lufthansa German Airlines,42659,International
201812,Air Pacific Limited dba Fiji Airways,4978,International
201810,JetBlue Airways,109750,Domestic
201806,Aeromexico,25799,International
201708,Virgin America,8082,International
201808,JetBlue Airways,128901,Domestic
201604,Aer Lingus,12355,International
201805,Jazz Aviation,14652,International
201603,Compass Airlines,38788,Domestic
201611,Swiss International,11341,International
201901,Hong Kong Airlines Limited,8903,International
201606,Air India Limited,5629,International
201610,Air China,24882,International
201710,Emirates,21850,International
201603,Southwest Airlines,284588,Domestic
201709,TACA,11276,International
201604,Etihad Airways,12462,International
201709,Turkish Airlines,19462,International
201710,China Airlines,21717,International
201705,Alaska Airlines,17139,International
201806,SAS Airlines,14186,International
201707,Finnair,6203,International
201807,Air India Limited,11307,International
201709,EVA Airways,29622,International
201812,Icelandair EHF,6043,International
201607,Air Berlin,9892,International
201512,American Airlines,384933,Domestic
201805,British Airways,40074,International
201803,United Airlines,1452520,Domestic
201602,Virgin America,7056,International
201601,Alaska Airlines,96053,Domestic
201609,Lufthansa German Airlines,45501,International
201601,China Southern,11943,International
201607,SkyWest Airlines,323573,Domestic
201607,Korean Air Lines,20556,International
201601,Japan Airlines,13237,International
201601,Delta Air Lines,247305,Domestic
201704,Lufthansa German Airlines,41762,International
201901,Air China,19827,International
201812,All Nippon Airways,13402,International
201802,Singapore Airlines,21937,International
201807,Iberia,6546,International
201807,Southwest Airlines,351397,Domestic
201810,Horizon Air,11772,Domestic
201812,Alaska Airlines,492973,Domestic
201801,Swiss International,15564,International
201710,Volaris Airlines,5945,International
201807,Compass Airlines,42313,Domestic
201808,Horizon Air,12375,Domestic
201603,Air India Limited,5303,International
201601,All Nippon Airways,13873,International
201705,"COPA Airlines, Inc.",11739,International
201802,Virgin America,401223,Domestic
201607,WestJet Airlines,16401,International
201606,Compass Airlines,51342,Domestic
201811,JetBlue Airways,118800,Domestic
201812,Delta Air Lines,317961,Domestic
201812,Japan Airlines,12080,International
201703,Swiss International,13128,International
201512,Sun Country Airlines,15135,Domestic
201606,Southwest Airlines,302716,Domestic
201809,WOW Air,16715,International
201812,China Southern,18691,International
201812,Asiana Airlines,16894,International
201610,Air Berlin,7539,International
201805,United Airlines,328791,International
201606,American Airlines,416140,Domestic
201704,Virgin America,404417,Domestic
201602,SAS Airlines,9064,International
201609,Virgin America,401057,Domestic
201712,Air Canada,62935,International
201807,American Airlines,368421,Domestic
201901,Korean Air Lines,29444,International
201901,SkyWest Airlines,312876,Domestic
201809,Alaska Airlines,14781,International
201607,Air China,18345,International
201701,Air Canada,57072,International
201602,Aeromexico,19003,International
201704,Singapore Airlines,25529,International
201807,Sun Country Airlines,19380,Domestic
201803,EVA Airways,45464,International
201601,Asiana Airlines,15520,International
201802,Lufthansa German Airlines,36059,International
201710,Frontier Airlines,37807,Domestic
201512,Southwest Airlines,280028,Domestic
201606,Sun Country Airlines,19878,Domestic
201707,Swiss International,19200,International
201803,TACA,12962,International
201512,Compass Airlines,35034,Domestic
201609,Singapore Airlines,25970,International
201803,Turkish Airlines,19604,International
201601,China Eastern,13876,International
201603,Hawaiian Airlines,31050,Domestic
201610,Alaska Airlines,15725,International
201709,Frontier Airlines,53259,Domestic
201803,Emirates,27378,International
201808,Singapore Airlines,28798,International
201702,Lufthansa German Airlines,32481,International
201705,Air China,18468,International
201803,China Airlines,23190,International
201810,Singapore Airlines,25796,International
201512,Virgin Atlantic,21571,International
201802,Horizon Air,12517,Domestic
201805,Aer Lingus,14384,International
201812,China Eastern,19756,International
201604,Cathay Pacific,37604,International
201807,Thomas Cook Airlines,8077,International
201708,Air Canada,123395,International
201901,"COPA Airlines, Inc.",18908,International
201809,Hong Kong Airlines Limited,9689,International
201702,Virgin America,327958,Domestic
201807,Virgin Atlantic,36085,International
201709,Volaris Airlines,6152,International
201606,Virgin Atlantic,29280,International
201705,Korean Air Lines,26317,International
201806,Air Canada,101232,International
201705,SkyWest Airlines,299846,Domestic
201610,WOW Air,11392,International
201808,Lufthansa German Airlines,45450,International
201901,ABC Aerolineas S.A. de C.V. dba Interjet,12588,International
201702,Singapore Airlines,23831,International
201810,Lufthansa German Airlines,44180,International
201706,Swiss International,18318,International
201604,Air France,26843,International
201607,"COPA Airlines, Inc.",9208,International
201603,Philippine Airlines,21334,International
201805,Qantas Airways,15223,International
201608,JetBlue Airways,133532,Domestic
201711,JetBlue Airways,126046,Domestic
201705,WestJet Airlines,19042,International
201804,JetBlue Airways,140627,Domestic
201805,Air New Zealand,17761,International
